§\n§[§]§int§real§texto§logico§estrutura§identificador§var§,§DECLARACAO_B§:§(§)§intervalo§ou§e§xou§nao§<=§==§>=§<§>§<>§+§-§*§/§%§//§^§numero§numero_real§string§verdadeiro§falso§=§+=§-=§*=§/=§//=§%=§^=§se§{§}§senao§compare§caso§seja§diferente§vezes§enquanto§ate§inclusive§para§cada§em§no§na§repita§funcao§$§INICIO§ACOES§ACOES_A§ACOES_B§TIPO_DE_DADO§TIPO_DE_DADO_A§DECLARACAO§DECLARACAO_A§CHAMADA_DE_FUNCAO§CHAMADA_DE_FUNCAO_A§CHAMADA_DE_FUNCAO_B§INTERVALO§INTERVALO_ABERTURA§INTERVALO_FECHAMENTO§INTERVALO_PASSO§IDENTIFICADOR§IDENTIFICADOR_A§LISTA§LISTA_ELEMENTOS§LISTA_ELEMENTOS_A§EXPRESSAO§EXPRESSAO_A§EXPRESSAO_B§EXPRESSAO_C§EXPRESSAO_D§COMPARADOR§EXPRESSAO_E§OPERADORES_EXPRESSAO_E§EXPRESSAO_F§OPERADORES_EXPRESSAO_F§EXPRESSAO_G§OPERADORES_EXPRESSAO_G§EXPRESSAO_H§EXPRESSAO_I§ATRIBUICAO§ATRIBUICAO_A§ATRIBUIDOR§CONDICAO§SE§SENAO§SENAO_A§COMPARE§COMPARE_A§COMPARE_B§COMPARE_C§REPITA_VEZES§REPITA_ENQUANTO§REPITA_ACOES_ENQUANTO§REPITA_ATE§REPITA_ATE_A§REPITA_ATE_B§REPITA_ACOES_ATE§REPITA_ACOES_ATE_A§REPITA_PARA_CADA§REPITA_PARA_CADA_A§REPITA§REPITA_A§ESTRUTURA_CONDICIONAL_OU_REPETICAO§FUNCAO§FUNCAO_TIPO_RETORNO§FUNCAO_PARAMETROS§FUNCAO_PARAMETROS_A§ESTRUTURA§ESTRUTURA_A§ESTRUTURA_B
0§s9§s43§ § § § § §s12§s11§s10§ § § §s32§ §s42§ § § §s22§ § § § § § §s29§s30§ § § § § §s33§s34§s35§s36§s37§ § § § § § § § §s17§ §r3§ §s18§ § § § § § § § § § § § §s19§ §r3§ §1§2§3§ § §4§ §39§ § §40§ § § §38§ §41§ § §8§16§20§21§23§ §24§ §25§ §26§27§28§31§5§ § § §13§ § §14§ § § § § § § § § § § § § §15§ §7§ § § § §6§ § 
1§ § § § § § § § § § § § § § § § § § § § § § § § § § § § § § § § § § § § § § § § § § § § § § § § § § § § § § § § § § § § § § § § § §acc§ § § § § § § § § § § § § § § § § § § § § § § § § § § § § § § § § § § § § § § § § § § § § § § § § § § § § § § § § § § § § § § § § 
2§s9§ § § § § § § § § § § § § § § § § § § § § § § § § § § § § § § § § § § § § § § § § § § § § § § § § § § § § § § § § § § § § § § § § § § § §44§ § § § § § § § § § § § § § § § § § § § § § § § § § § § § § § § § § § § § § § § § § § § § § § § § § § § § § § § § § § § § 
3§ § § § § § § § § § § § § § § § § § § § § § § § § § § § § § § § § § § § § § § § § § § § § § § § §r2§ § § § § § § § § § § § § § § § §r2§ § § § § § § § § § § § § § § § § § § § § § § § § § § § § § § § § § § § § § § § § § § § § § § § § § § § § § § § § § § § § § § § § 
4§r4§ § § § § § § § § § § § § § § § § § § § § § § § § § § § § § § § § § § § § § § § § § § § § § § § § § § § § § § § § § § § § § § § § § § § § § § § § § § § § § § § § § § § § § § § § § § § § § § § § § § § § § § § § § § § § § § § § § § § § § § § § § § § § § § § § § 
5§r5§ § § § § § § § § § § § § § § § § § § § § § § § § § § § § § § § § § § § § § § § § § § § § § § § § § § § § § § § § § § § § § § § § § § § § § § § § § § § § § § § § § § § § § § § § § § § § § § § § § § § § § § § § § § § § § § § § § § § § § § § § § § § § § § § § § 
6§r6§ § § § § § § § § § § § § § § § § § § § § § § § § § § § § § § § § § § § § § § § § § § § § § § § § § § § § § § § § § § § § § § § § § § § § § § § § § § § § § § § § § § § § § § § § § § § § § § § § § § § § § § § § § § § § § § § § § § § § § § § § § § § § § § § § § 
7§r7§ § § § § § § § § § § § § § § § § § § § § § § § § § § § § § § § § § § § § § § § § § § § § § § § § § § § § § § § § § § § § § § § § § § § § § § § § § § § § § § § § § § § § § § § § § § § § § § § § § § § § § § § § § § § § § § § § § § § § § § § § § § § § § § § § § 
8§r8§ § § § § § § § § § § § § § § §s45§ § § § § § § § § § § § § § § § § § § § § § § § § § § § § § § § § § § § § § § § § § § § § § § § § § § § § § § § § § § § § § § § § § § § § § § § § § § § § § § § § § § § § § § § § § § § § § § § § § § § § § § § § § § § § § § § § § 
9§s9§s43§ § § § § §s12§s11§s10§ § § §s32§ §s42§ § § §s22§ § § § § § §s29§s30§ § § § § §s33§s34§s35§s36§s37§ § § § § § § § §s17§ §r3§ §s18§ § § § § § § § § § § § §s19§ §r3§ §46§2§3§ § §4§ §39§ § §40§ § § §38§ §41§ § §8§16§20§21§23§ §24§ §25§ §26§27§28§31§5§ § § §13§ § §14§ § § § § § § § § § § § § §15§ §7§ § § § §6§ § 
10§ § § § § § § § §s47§ § § § § § § § § § § § § § § § § § § § § § § § § § § § § § § § § § § § § § § § § § § § § § § § § § § § § § § § § § § § § § § § § § § § § § § § § § § § § § § § § § § § § § § § § § § § § § § § § § § § § § § § § § § § § § § § § § § § § § § § § § 
11§r35§s59§r35§ § § § § § § §r35§ § §s50§r35§ §r35§r35§r35§ §r35§r35§r35§r35§r35§r35§r35§r35§r35§r35§r35§r35§r35§ § § § § §s51§s52§s53§s54§s55§s56§s57§s58§ §r35§ § § § § § §r35§ § §r35§ § §r35§r35§r35§ § § § § § § § § § § § § § § § § § § §49§ § § § § § § § § § § § § § § § § § § §48§ § § § § § § § § § § § § § § § § § § § § § § § § § § § 
12§ § § § § § § § §s60§ § § § § § § § § § § § § § § § § § § § § § § § § § § § § § § § § § § § § § § § § § § § § § § § § § § § § § § § § § § § § § § § § § § § § § § § § § § § § § § § § § § § § § § § § § § § § § § § § § § § § § § § § § § § § § § § § § § § § § § § § § 
13§r127§ § § § § § § § § § § § § § § § § § § § § § § § § § § § § § § § § § § § § § § § § § § § § § § § § § § § § § § § § § § § § § § § § § § § § § § § § § § § § § § § § § § § § § § § § § § § § § § § § § § § § § § § § § § § § § § § § § § § § § § § § § § § § § § § § § 
14§r128§ § § § § § § § § § § § § § § § § § § § § § § § § § § § § § § § § § § § § § § § § § § § § § § § § § § § § § § § § § § § § § § § § § § § § § § § § § § § § § § § § § § § § § § § § § § § § § § § § § § § § § § § § § § § § § § § § § § § § § § § § § § § § § § § § § 
15§r129§ § § § § § § § § § § § § § § § § § § § § § § § § § § § § § § § § § § § § § § § § § § § § § § § § § § § § § § § § § § § § § § § § § § § § § § § § § § § § § § § § § § § § § § § § § § § § § § § § § § § § § § § § § § § § § § § § § § § § § § § § § § § § § § § § § 
16§r42§ §r42§ § § § § § § §r42§ § § §r42§ §r42§s61§ § § § § § § § § § § § § § § § § § § § § § § § § § § § § §r42§ § § § § § §r42§ § §r42§ § § § § § § § § § § § § § § § § § § § § § § § § § § § § § § § § § § § § § § § § § § § § § § § § § § § § § § § § § § § § § § § § § § § § § § § § 
17§ §s43§ § § § § § §s64§ § § § §s32§ §s42§ § § §s22§ § § § § § §s29§s30§ § § § § §s33§s34§s35§s36§s37§ § § § § § § § § § § § § § § § § § § § § § § § § § § § § § § § § § § § §39§ § §40§ § § §38§ §41§ § §63§16§20§21§23§ §24§ §25§ §26§27§28§31§ § § §62§ § § § § § § § § § § § § § § § § § § § § § § § § § § 
18§ §s43§ § § § § § §s64§ § § § §s32§ §s42§ § § §s22§ § § § § § §s29§s30§ § § § § §s33§s34§s35§s36§s37§ § § § § § § § § § § § § § § § § § § § § § § § § § § § § § § § § § § § §39§ § §40§ § § §38§ §41§ § §65§16§20§21§23§ §24§ §25§ §26§27§28§31§ § § § § § § § § § § § § § § § § § § § § § § § § § § § § § § 
19§ §s43§ § § § § § §s64§ § § § §s32§ §s42§ § § §s22§ § § § § § §s29§s30§ § § § § §s33§s34§s35§s36§s37§ § § § § § § § § §s75§ § § § § § § §s74§s76§ §s77§ § § § § § § § § § § § § § § §39§ § §40§ § § §38§ §41§ § §73§16§20§21§23§ §24§ §25§ §26§27§28§31§ § § § § § § § § § § §67§68§69§70§ § §71§ §72§ § §66§ § § § § § § § 
20§r44§ §r44§ § § § § § § §r44§ § § §r44§ §r44§r44§s78§ § § § § § § § § § § § § § § § § § § § § § § § § § § § §r44§ § § § § § §r44§ § §r44§ § § § § § § § § § § § § § § § § § § § § § § § § § § § § § § § § § § § § § § § § § § § § § § § § § § § § § § § § § § § § § § § § § § § § § § § § 
21§r46§ §r46§ § § § § § § §r46§ § § §r46§ §r46§r46§r46§ § § § § § § § § § § § § § § § § § § § § § § § § § § § §r46§ § § § § § §r46§ § §r46§ § § § § § § § § § § § § § § § § § § § § § § § § § § § § § § § § § § § § § § § § § § § § § § § § § § § § § § § § § § § § § § § § § § § § § § § § 
22§ §s43§ § § § § § §s64§ § § § §s32§ §s42§ § § §s22§ § § § § § §s29§s30§ § § § § §s33§s34§s35§s36§s37§ § § § § § § § § § § § § § § § § § § § § § § § § § § § § § § § § § § § §39§ § §40§ § § §38§ §41§ § § § § §79§23§ §24§ §25§ §26§27§28§31§ § § § § § § § § § § § § § § § § § § § § § § § § § § § § § § 
23§r48§ §r48§ § § § § § § §r48§ § § §r48§ §r48§r48§r48§ §s81§s82§s83§s84§s85§s86§ § § § § § § § § § § § § § § § § § § § § §r48§ § § § § § §r48§ § §r48§ § § § § § § § § § § § § § § § § § § § § § § § § § § § § § § § § §80§ § § § § § § § § § § § § § § § § § § § § § § § § § § § § § § § § § § § § § § 
24§r50§ §r50§ § § § § § § §r50§ § § §r50§ §r50§r50§r50§ §r50§r50§r50§r50§r50§r50§s88§s89§ § § § § § § § § § § § § § § § § § § §r50§ § § § § § §r50§ § §r50§ § § § § § § § § § § § § § § § § § § § § § § § § § § § § § § § § § § §87§ § § § § § § § § § § § § § § § § § § § § § § § § § § § § § § § § § § § § 
25§r58§ §r58§ § § § § § § §r58§ § § §r58§ §r58§r58§r58§ §r58§r58§r58§r58§r58§r58§r58§r58§s91§s92§s93§s94§ § § § § § § § § § § § § § § §r58§ § § § § § §r58§ § §r58§ § § § § § § § § § § § § § § § § § § § § § § § § § § § § § § § § § § § § §90§ § § § § § § § § § § § § § § § § § § § § § § § § § § § § § § § § § § 
26§r62§ §r62§ § § § § § § §r62§ § § §r62§ §r62§r62§r62§ §r62§r62§r62§r62§r62§r62§r62§r62§r62§r62§r62§r62§ § § § § § § § § § § § § § § §r62§ § § § § § §r62§ § §r62§ § § § § § § § § § § § § § § § § § § § § § § § § § § § § § § § § § § § § § § § § § § § § § § § § § § § § § § § § § § § § § § § § § § § § § § § § 
27§ §s43§ § § § § § §s64§ § § § §s32§ §s42§ § § § § § § § § § §s29§s30§ § § § § §s33§s34§s35§s36§s37§ § § § § § § § § § § § § § § § § § § § § § § § § § § § § § § § § § § § §39§ § §40§ § § §38§ §41§ § § § § § § § § § § § §95§27§28§31§ § § § § § § § § § § § § § § § § § § § § § § § § § § § § § § 
28§r68§ §r68§ § § § § § § §r68§ § § §r68§ §r68§r68§r68§ §r68§r68§r68§r68§r68§r68§r68§r68§r68§r68§r68§r68§s96§ § § § § § § § § § § § § § §r68§ § § § § § §r68§ § §r68§ § § § § § § § § § § § § § § § § § § § § § § § § § § § § § § § § § § § § § § § § § § § § § § § § § § § § § § § § § § § § § § § § § § § § § § § § 
29§ §r69§ § § § § § §r69§ § § § §r69§ §r69§ § § § § § § § § § §r69§r69§ § § § § §r69§r69§r69§r69§r69§ § § § § § § § § § § § § § § § § § § § § § § § § § § § § § § § § § § § § § § § § § § § § § § § § § § § § § § § § § § § § § § § § § § § § § § § § § § § § § § § § § § § § § § § § § § § § 
30§ §r70§ § § § § § §r70§ § § § §r70§ §r70§ § § § § § § § § § §r70§r70§ § § § § §r70§r70§r70§r70§r70§ § § § § § § § § § § § § § § § § § § § § § § § § § § § § § § § § § § § § § § § § § § § § § § § § § § § § § § § § § § § § § § § § § § § § § § § § § § § § § § § § § § § § § § § § § § § § 
31§r72§ §r72§ § § § § § § §r72§ § § §r72§ §r72§r72§r72§ §r72§r72§r72§r72§r72§r72§r72§r72§r72§r72§r72§r72§r72§ § § § § § § § § § § § § § §r72§ § § § § § §r72§ § §r72§ § § § § § § § § § § § § § § § § § § § § § § § § § § § § § § § § § § § § § § § § § § § § § § § § § § § § § § § § § § § § § § § § § § § § § § § § 
32§ §s43§ § § § § § §s64§ § § § §s32§ §s42§ § § §s22§ § § § § § §s29§s30§ § § § § §s33§s34§s35§s36§s37§ § § § § § § § § § § § § § § § § § § § § § § § § § § § § § § § § § § § §39§ § §40§ § § §38§ §41§ § §97§16§20§21§23§ §24§ §25§ §26§27§28§31§ § § § § § § § § § § § § § § § § § § § § § § § § § § § § § § 
33§r74§ §r74§ § § § § § § §r74§ § § §r74§ §r74§r74§r74§ §r74§r74§r74§r74§r74§r74§r74§r74§r74§r74§r74§r74§r74§ § § § § § § § § § § § § § §r74§ § § § § § §r74§ § §r74§ § § § § § § § § § § § § § § § § § § § § § § § § § § § § § § § § § § § § § § § § § § § § § § § § § § § § § § § § § § § § § § § § § § § § § § § § 
34§r75§ §r75§ § § § § § § §r75§ § § §r75§ §r75§r75§r75§ §r75§r75§r75§r75§r75§r75§r75§r75§r75§r75§r75§r75§r75§ § § § § § § § § § § § § § §r75§ § § § § § §r75§ § §r75§ § § § § § § § § § § § § § § § § § § § § § § § § § § § § § § § § § § § § § § § § § § § § § § § § § § § § § § § § § § § § § § § § § § § § § § § § 
35§r76§ §r76§ § § § § § § §r76§ § § §r76§ §r76§r76§r76§ §r76§r76§r76§r76§r76§r76§r76§r76§r76§r76§r76§r76§r76§ § § § § § § § § § § § § § §r76§ § § § § § §r76§ § §r76§ § § § § § § § § § § § § § § § § § § § § § § § § § § § § § § § § § § § § § § § § § § § § § § § § § § § § § § § § § § § § § § § § § § § § § § § § 
36§r77§ §r77§ § § § § § § §r77§ § § §r77§ §r77§r77§r77§ §r77§r77§r77§r77§r77§r77§r77§r77§r77§r77§r77§r77§r77§ § § § § § § § § § § § § § §r77§ § § § § § §r77§ § §r77§ § § § § § § § § § § § § § § § § § § § § § § § § § § § § § § § § § § § § § § § § § § § § § § § § § § § § § § § § § § § § § § § § § § § § § § § § 
37§r78§ §r78§ § § § § § § §r78§ § § §r78§ §r78§r78§r78§ §r78§r78§r78§r78§r78§r78§r78§r78§r78§r78§r78§r78§r78§ § § § § § § § § § § § § § §r78§ § § § § § §r78§ § §r78§ § § § § § § § § § § § § § § § § § § § § § § § § § § § § § § § § § § § § § § § § § § § § § § § § § § § § § § § § § § § § § § § § § § § § § § § § 
38§r79§ §r79§ § § § § § § §r79§ § § §r79§ §r79§r79§r79§ §r79§r79§r79§r79§r79§r79§r79§r79§r79§r79§r79§r79§r79§ § § § § § § § § § § § § § §r79§ § § § § § §r79§ § §r79§ § § § § § § § § § § § § § § § § § § § § § § § § § § § § § § § § § § § § § § § § § § § § § § § § § § § § § § § § § § § § § § § § § § § § § § § § 
39§r80§ §r80§ § § § § § § §r80§ § § §r80§ §r80§r80§r80§ §r80§r80§r80§r80§r80§r80§r80§r80§r80§r80§r80§r80§r80§ § § § § § § § § § § § § § §r80§ § § § § § §r80§ § §r80§ § § § § § § § § § § § § § § § § § § § § § § § § § § § § § § § § § § § § § § § § § § § § § § § § § § § § § § § § § § § § § § § § § § § § § § § § 
40§r81§ §r81§ § § § § § § §r81§ § § §r81§ §r81§r81§r81§ §r81§r81§r81§r81§r81§r81§r81§r81§r81§r81§r81§r81§r81§ § § § § § § § § § § § § § §r81§ § § § § § §r81§ § §r81§ § § § § § § § § § § § § § § § § § § § § § § § § § § § § § § § § § § § § § § § § § § § § § § § § § § § § § § § § § § § § § § § § § § § § § § § § 
41§r82§ §r82§ § § § § § § §r82§ § § §r82§ §r82§r82§r82§ §r82§r82§r82§r82§r82§r82§r82§r82§r82§r82§r82§r82§r82§ § § § § § § § § § § § § § §r82§ § § § § § §r82§ § §r82§ § § § § § § § § § § § § § § § § § § § § § § § § § § § § § § § § § § § § § § § § § § § § § § § § § § § § § § § § § § § § § § § § § § § § § § § § 
42§ §s100§ § § § § § § § § § § §s99§ § § § § § § § § § § § § § § § § § § § § § § § § § § § § § § § § § § § § § § § § § § § § § § § § § § § § § § § § § § § § § § § §98§ § § § § § § § § § § § § § § § § § § § § § § § § § § § § § § § § § § § § § § § § § § § § § § § § § § § 
43§ §s43§r38§ § § § § §s64§ § § § §s32§ §s42§ § § §s22§ § § § § § §s29§s30§ § § § § §s33§s34§s35§s36§s37§ § § § § § § § § § § § § § § § § § § § § § § § § § § § § § § § § § § § §39§ § §40§ § § §38§ §41§101§ §102§16§20§21§23§ §24§ §25§ §26§27§28§31§ § § § § § § § § § § § § § § § § § § § § § § § § § § § § § § 
44§ § § § § § § § § § § § § § § § § § § § § § § § § § § § § § § § § § § § § § § § § § § § § § § § §r1§ § § § § § § § § § § § § § § § §r1§ § § § § § § § § § § § § § § § § § § § § § § § § § § § § § § § § § § § § § § § § § § § § § § § § § § § § § § § § § § § § § § § § 
45§ §s43§ § § § § § §s64§ § § § §s32§ §s42§ § § §s22§ § § § § § §s29§s30§ § § § § §s33§s34§s35§s36§s37§ § § § § § § § § § § § § § § § § § § § § § § § § § § § § § § § § § § § §39§ § §40§ § § §38§ §41§ § § §103§20§21§23§ §24§ §25§ §26§27§28§31§ § § § § § § § § § § § § § § § § § § § § § § § § § § § § § § 
46§ § § § § § § § § § § § § § § § § § § § § § § § § § § § § § § § § § § § § § § § § § § § § § § § §r9§ § § § § § § § § § § § § § § § §r9§ § § § § § § § § § § § § § § § § § § § § § § § § § § § § § § § § § § § § § § § § § § § § § § § § § § § § § § § § § § § § § § § § 
47§ § § § § § § § § § §s105§s106§s107§ § § § § § § § § § § § § § § § § § § § § § § § § § § § § § § § § § § § § § § § § § § § § § § § § § § § § § § § § § § § §104§ § § § § § § § § § § § § § § § § § § § § § § § § § § § § § § § § § § § § § § § § § § § § § § § § § § § § § § § § 
48§ §s43§ § § § § § §s11§ § § § §s32§ §s42§ § § §s22§ § § § § § §s29§s30§ § § § § §s33§s34§s35§s36§s37§ § § § § § § § § § § § § § § § § § § § § § § § § § § § § § § § § § § § §39§ § §40§ § § §38§ §41§ § §110§16§20§21§23§ §24§ §25§ §26§27§28§31§109§108§ § § § § § § § § § § § § § § § § § § § § § § § § § § § § 
49§r33§ §r33§ § § § § § § §r33§ § § §r33§ §r33§r33§r33§ §r33§r33§r33§r33§r33§r33§r33§r33§r33§r33§r33§r33§r33§ § § § § § § § § § § § § § §r33§ § § § § § §r33§ § §r33§ § §r33§r33§r33§ § § § § § § § § § § § § § § § § § § § § § § § § § § § § § § § § § § § § § § § § § § § § § § § § § § § § § § § § § § § § § § § § § § § 
50§ §s43§ § § § § § §s64§ § § § §s32§r23§s42§ § § §s22§ § § § § § §s29§s30§ § § § § §s33§s34§s35§s36§s37§ § § § § § § § § § § § § § § § § § § § § § § § § § § § § § § § § § § § §39§111§ §40§ § § §38§ §41§ § §112§16§20§21§23§ §24§ §25§ §26§27§28§31§ § § § § § § § § § § § § § § § § § § § § § § § § § § § § § § 
51§ §r86§ § § § § § §r86§ § § § §r86§ §r86§ § § §r86§ § § § § § §r86§r86§ § § § § §r86§r86§r86§r86§r86§ § § § § § § § § § § § § § § § § § § § § § § § § § § § § § § § § § § § § § § § § § § § § § § § § § § § § § § § § § § § § § § § § § § § § § § § § § § § § § § § § § § § § § § § § § § § § 
52§ §r87§ § § § § § §r87§ § § § §r87§ §r87§ § § §r87§ § § § § § §r87§r87§ § § § § §r87§r87§r87§r87§r87§ § § § § § § § § § § § § § § § § § § § § § § § § § § § § § § § § § § § § § § § § § § § § § § § § § § § § § § § § § § § § § § § § § § § § § § § § § § § § § § § § § § § § § § § § § § § § 
53§ §r88§ § § § § § §r88§ § § § §r88§ §r88§ § § §r88§ § § § § § §r88§r88§ § § § § §r88§r88§r88§r88§r88§ § § § § § § § § § § § § § § § § § § § § § § § § § § § § § § § § § § § § § § § § § § § § § § § § § § § § § § § § § § § § § § § § § § § § § § § § § § § § § § § § § § § § § § § § § § § § 
54§ §r89§ § § § § § §r89§ § § § §r89§ §r89§ § § §r89§ § § § § § §r89§r89§ § § § § §r89§r89§r89§r89§r89§ § § § § § § § § § § § § § § § § § § § § § § § § § § § § § § § § § § § § § § § § § § § § § § § § § § § § § § § § § § § § § § § § § § § § § § § § § § § § § § § § § § § § § § § § § § § § 
55§ §r90§ § § § § § §r90§ § § § §r90§ §r90§ § § §r90§ § § § § § §r90§r90§ § § § § §r90§r90§r90§r90§r90§ § § § § § § § § § § § § § § § § § § § § § § § § § § § § § § § § § § § § § § § § § § § § § § § § § § § § § § § § § § § § § § § § § § § § § § § § § § § § § § § § § § § § § § § § § § § § 
56§ §r91§ § § § § § §r91§ § § § §r91§ §r91§ § § §r91§ § § § § § §r91§r91§ § § § § §r91§r91§r91§r91§r91§ § § § § § § § § § § § § § § § § § § § § § § § § § § § § § § § § § § § § § § § § § § § § § § § § § § § § § § § § § § § § § § § § § § § § § § § § § § § § § § § § § § § § § § § § § § § § 
57§ §r92§ § § § § § §r92§ § § § §r92§ §r92§ § § §r92§ § § § § § §r92§r92§ § § § § §r92§r92§r92§r92§r92§ § § § § § § § § § § § § § § § § § § § § § § § § § § § § § § § § § § § § § § § § § § § § § § § § § § § § § § § § § § § § § § § § § § § § § § § § § § § § § § § § § § § § § § § § § § § § 
58§ §r93§ § § § § § §r93§ § § § §r93§ §r93§ § § §r93§ § § § § § §r93§r93§ § § § § §r93§r93§r93§r93§r93§ § § § § § § § § § § § § § § § § § § § § § § § § § § § § § § § § § § § § § § § § § § § § § § § § § § § § § § § § § § § § § § § § § § § § § § § § § § § § § § § § § § § § § § § § § § § § 
59§ §s43§ § § § § § §s64§ § § § §s32§ §s42§ § § §s22§ § § § § § §s29§s30§ § § § § §s33§s34§s35§s36§s37§ § § § § § § § § § § § § § § § § § § § § § § § § § § § § § § § § § § § §39§ § §40§ § § §38§ §41§ § §113§16§20§21§23§ §24§ §25§ §26§27§28§31§ § § § § § § § § § § § § § § § § § § § § § § § § § § § § § § 
60§ § § § § § § § § § § § § § § § § § § § § § § § § § § § § § § § § § § § § § § § § § § § § § § §s114§ § § § § § § § § § § § § § § § § § § § § § § § § § § § § § § § § § § § § § § § § § § § § § § § § § § § § § § § § § § § § § § § § § § § § § § § § § § § § § § § § § § 
61§ §s43§ § § § § § §s64§ § § § §s32§ §s42§ § § §s22§ § § § § § §s29§s30§ § § § § §s33§s34§s35§s36§s37§ § § § § § § § § § § § § § § § § § § § § § § § § § § § § § § § § § § § §39§ § §40§ § § §38§ §41§ § § § §115§21§23§ §24§ §25§ §26§27§28§31§ § § § § § § § § § § § § § § § § § § § § § § § § § § § § § § 
62§ § § § § § § § § § § § § § § § § § § § § § § § § § § § § § § § § § § § § § § § § § § § § § § §s116§ § § § § § § § § § § § § § § § § § § § § § § § § § § § § § § § § § § § § § § § § § § § § § § § § § § § § § § § § § § § § § § § § § § § § § § § § § § § § § § § § § § 
63§r94§ § § § § § § § § § § § § § § §s45§ § § § § § § § § § § § § § § § § § § § § § § § § § § § § § §r94§ § § § § § § § § §r94§ § § § § § § § § § § § § § § § § § § § § § § § § § § § § § § § § § § § § § § § § § § § § § § § § § § § § § § § § § § § § § § § § § § § § § § § § 
64§r35§s59§r35§ § § § § § § §r35§ § §s50§r35§ §r35§r35§r35§ §r35§r35§r35§r35§r35§r35§r35§r35§r35§r35§r35§r35§r35§ § § § § § § § § § § § § § §r35§ § § § § § §r35§ § §r35§ § §r35§r35§r35§ § § § § § § § § § § § § § § § § § § §49§ § § § § § § § § § § § § § § § § § § § § § § § § § § § § § § § § § § § § § § § § § § § § § § § 
65§ § § § § § § § § § § § § § § § §s45§ § § § § § § § § § § § § § § § § § § § § § § § § § § § § § §s117§ § § § § § § § § § § § § § § § § § § § § § § § § § § § § § § § § § § § § § § § § § § § § § § § § § § § § § § § § § § § § § § § § § § § § § § § § § § § § § § § § § § 
66§r120§ § § § § § § § § § § § § § § § § § § § § § § § § § § § § § § § § § § § § § § § § § § § § § § § § § § § § § § § § § § § § § § § § § § § § § § § § § § § § § § § § § § § § § § § § § § § § § § § § § § § § § § § § § § § § § § § § § § § § § § § § § § § § § § § § § 
67§r121§ § § § § § § § § § § § § § § § § § § § § § § § § § § § § § § § § § § § § § § § § § § § § § § § § § § § § § § § § § § § § § § § § § § § § § § § § § § § § § § § § § § § § § § § § § § § § § § § § § § § § § § § § § § § § § § § § § § § § § § § § § § § § § § § § § 
68§r122§ § § § § § § § § § § § § § § § § § § § § § § § § § § § § § § § § § § § § § § § § § § § § § § § § § § § § § § § § § § § § § § § § § § § § § § § § § § § § § § § § § § § § § § § § § § § § § § § § § § § § § § § § § § § § § § § § § § § § § § § § § § § § § § § § § 
69§r123§ § § § § § § § § § § § § § § § § § § § § § § § § § § § § § § § § § § § § § § § § § § § § § § § § § § § § § § § § § § § § § § § § § § § § § § § § § § § § § § § § § § § § § § § § § § § § § § § § § § § § § § § § § § § § § § § § § § § § § § § § § § § § § § § § § 
70§r124§ § § § § § § § § § § § § § § § § § § § § § § § § § § § § § § § § § § § § § § § § § § § § § § § § § § § § § § § § § § § § § § § § § § § § § § § § § § § § § § § § § § § § § § § § § § § § § § § § § § § § § § § § § § § § § § § § § § § § § § § § § § § § § § § § § 
71§r125§ § § § § § § § § § § § § § § § § § § § § § § § § § § § § § § § § § § § § § § § § § § § § § § § § § § § § § § § § § § § § § § § § § § § § § § § § § § § § § § § § § § § § § § § § § § § § § § § § § § § § § § § § § § § § § § § § § § § § § § § § § § § § § § § § § 
72§r126§ § § § § § § § § § § § § § § § § § § § § § § § § § § § § § § § § § § § § § § § § § § § § § § § § § § § § § § § § § § § § § § § § § § § § § § § § § § § § § § § § § § § § § § § § § § § § § § § § § § § § § § § § § § § § § § § § § § § § § § § § § § § § § § § § § 
73§ § § § § § § § § § § § § § § § §s45§ § § § § § § § § § § § § § § § § § § § § § § § § § § § § § § § § § § § § §s118§ § § § § § § § § § § § § § § § § § § § § § § § § § § § § § § § § § § § § § § § § § § § § § § § § § § § § § § § § § § § § § § § § § § § § § § § § § § § 
74§ §s43§ § § § § § §s64§ § § § §s32§ §s42§ § § §s22§ § § § § § §s29§s30§ § § § § §s33§s34§s35§s36§s37§ § § § § § § § § § § § § § § § § § § § § § § § § § § § § § § § § § § § §39§ § §40§ § § §38§ §41§ § §63§16§20§21§23§ §24§ §25§ §26§27§28§31§ § § §119§ § § § § § § § § § § § § § § § § § § § § § § § § § § 
75§s120§ § § § § § § § § § § § § § § § § § § § § § § § § § § § § § § § § § § § § § § § § § § § § § § § § § § § § § § § § § § § § § § § § § § § § § § § § § § § § § § § § § § § § § § § § § § § § § § § § § § § § § § § § § § § § § § § § § § § § § § § § § § § § § § § § § 
76§ §s43§ § § § § § §s64§ § § § §s32§ §s42§ § § §s22§ § § § § § §s29§s30§ § § § § §s33§s34§s35§s36§s37§ § § § § § § § § § § § § § § § § § § § § § § § § § § § § § § § § § § § §39§ § §40§ § § §38§ §41§ § §63§16§20§21§23§ §24§ §25§ §26§27§28§31§ § § §121§ § § § § § § § § § § § § § § § § § § § § § § § § § § 
77§ § § § § § § § § § § § § § § § § § § § § § § § § § § § § § § § § § § § § § § § § § § § § § § § § § § § § § § § § § § §s122§ § § § § § § § § § § § § § § § § § § § § § § § § § § § § § § § § § § § § § § § § § § § § § § § § § § § § § § § § § § § § § § § § § § § § § § 
78§ §s43§ § § § § § §s64§ § § § §s32§ §s42§ § § §s22§ § § § § § §s29§s30§ § § § § §s33§s34§s35§s36§s37§ § § § § § § § § § § § § § § § § § § § § § § § § § § § § § § § § § § § §39§ § §40§ § § §38§ §41§ § § § § §123§23§ §24§ §25§ §26§27§28§31§ § § § § § § § § § § § § § § § § § § § § § § § § § § § § § § 
79§r47§ §r47§ § § § § § § §r47§ § § §r47§ §r47§r47§r47§ § § § § § § § § § § § § § § § § § § § § § § § § § § § §r47§ § § § § § §r47§ § §r47§ § § § § § § § § § § § § § § § § § § § § § § § § § § § § § § § § § § § § § § § § § § § § § § § § § § § § § § § § § § § § § § § § § § § § § § § § 
80§ §s43§ § § § § § §s64§ § § § §s32§ §s42§ § § § § § § § § § §s29§s30§ § § § § §s33§s34§s35§s36§s37§ § § § § § § § § § § § § § § § § § § § § § § § § § § § § § § § § § § § §39§ § §40§ § § §38§ §41§ § § § § § § § §124§ §25§ §26§27§28§31§ § § § § § § § § § § § § § § § § § § § § § § § § § § § § § § 
81§ §r51§ § § § § § §r51§ § § § §r51§ §r51§ § § § § § § § § § §r51§r51§ § § § § §r51§r51§r51§r51§r51§ § § § § § § § § § § § § § § § § § § § § § § § § § § § § § § § § § § § § § § § § § § § § § § § § § § § § § § § § § § § § § § § § § § § § § § § § § § § § § § § § § § § § § § § § § § § § 
82§ §r52§ § § § § § §r52§ § § § §r52§ §r52§ § § § § § § § § § §r52§r52§ § § § § §r52§r52§r52§r52§r52§ § § § § § § § § § § § § § § § § § § § § § § § § § § § § § § § § § § § § § § § § § § § § § § § § § § § § § § § § § § § § § § § § § § § § § § § § § § § § § § § § § § § § § § § § § § § § 
83§ §r53§ § § § § § §r53§ § § § §r53§ §r53§ § § § § § § § § § §r53§r53§ § § § § §r53§r53§r53§r53§r53§ § § § § § § § § § § § § § § § § § § § § § § § § § § § § § § § § § § § § § § § § § § § § § § § § § § § § § § § § § § § § § § § § § § § § § § § § § § § § § § § § § § § § § § § § § § § § 
84§ §r54§ § § § § § §r54§ § § § §r54§ §r54§ § § § § § § § § § §r54§r54§ § § § § §r54§r54§r54§r54§r54§ § § § § § § § § § § § § § § § § § § § § § § § § § § § § § § § § § § § § § § § § § § § § § § § § § § § § § § § § § § § § § § § § § § § § § § § § § § § § § § § § § § § § § § § § § § § § 
85§ §r55§ § § § § § §r55§ § § § §r55§ §r55§ § § § § § § § § § §r55§r55§ § § § § §r55§r55§r55§r55§r55§ § § § § § § § § § § § § § § § § § § § § § § § § § § § § § § § § § § § § § § § § § § § § § § § § § § § § § § § § § § § § § § § § § § § § § § § § § § § § § § § § § § § § § § § § § § § § 
86§ §r56§ § § § § § §r56§ § § § §r56§ §r56§ § § § § § § § § § §r56§r56§ § § § § §r56§r56§r56§r56§r56§ § § § § § § § § § § § § § § § § § § § § § § § § § § § § § § § § § § § § § § § § § § § § § § § § § § § § § § § § § § § § § § § § § § § § § § § § § § § § § § § § § § § § § § § § § § § § 
87§ §s43§ § § § § § §s64§ § § § §s32§ §s42§ § § § § § § § § § §s29§s30§ § § § § §s33§s34§s35§s36§s37§ § § § § § § § § § § § § § § § § § § § § § § § § § § § § § § § § § § § §39§ § §40§ § § §38§ §41§ § § § § § § § § § §125§ §26§27§28§31§ § § § § § § § § § § § § § § § § § § § § § § § § § § § § § § 
88§ §r59§ § § § § § §r59§ § § § §r59§ §r59§ § § § § § § § § § §r59§r59§ § § § § §r59§r59§r59§r59§r59§ § § § § § § § § § § § § § § § § § § § § § § § § § § § § § § § § § § § § § § § § § § § § § § § § § § § § § § § § § § § § § § § § § § § § § § § § § § § § § § § § § § § § § § § § § § § § 
89§ §r60§ § § § § § §r60§ § § § §r60§ §r60§ § § § § § § § § § §r60§r60§ § § § § §r60§r60§r60§r60§r60§ § § § § § § § § § § § § § § § § § § § § § § § § § § § § § § § § § § § § § § § § § § § § § § § § § § § § § § § § § § § § § § § § § § § § § § § § § § § § § § § § § § § § § § § § § § § § 
90§ §s43§ § § § § § §s64§ § § § §s32§ §s42§ § § § § § § § § § §s29§s30§ § § § § §s33§s34§s35§s36§s37§ § § § § § § § § § § § § § § § § § § § § § § § § § § § § § § § § § § § §39§ § §40§ § § §38§ §41§ § § § § § § § § § § § §126§27§28§31§ § § § § § § § § § § § § § § § § § § § § § § § § § § § § § § 
91§ §r63§ § § § § § §r63§ § § § §r63§ §r63§ § § § § § § § § § §r63§r63§ § § § § §r63§r63§r63§r63§r63§ § § § § § § § § § § § § § § § § § § § § § § § § § § § § § § § § § § § § § § § § § § § § § § § § § § § § § § § § § § § § § § § § § § § § § § § § § § § § § § § § § § § § § § § § § § § § 
92§ §r64§ § § § § § §r64§ § § § §r64§ §r64§ § § § § § § § § § §r64§r64§ § § § § §r64§r64§r64§r64§r64§ § § § § § § § § § § § § § § § § § § § § § § § § § § § § § § § § § § § § § § § § § § § § § § § § § § § § § § § § § § § § § § § § § § § § § § § § § § § § § § § § § § § § § § § § § § § § 
93§ §r65§ § § § § § §r65§ § § § §r65§ §r65§ § § § § § § § § § §r65§r65§ § § § § §r65§r65§r65§r65§r65§ § § § § § § § § § § § § § § § § § § § § § § § § § § § § § § § § § § § § § § § § § § § § § § § § § § § § § § § § § § § § § § § § § § § § § § § § § § § § § § § § § § § § § § § § § § § § 
94§ §r66§ § § § § § §r66§ § § § §r66§ §r66§ § § § § § § § § § §r66§r66§ § § § § §r66§r66§r66§r66§r66§ § § § § § § § § § § § § § § § § § § § § § § § § § § § § § § § § § § § § § § § § § § § § § § § § § § § § § § § § § § § § § § § § § § § § § § § § § § § § § § § § § § § § § § § § § § § § 
95§r67§ §r67§ § § § § § § §r67§ § § §r67§ §r67§r67§r67§ §r67§r67§r67§r67§r67§r67§r67§r67§r67§r67§r67§r67§ § § § § § § § § § § § § § § §r67§ § § § § § §r67§ § §r67§ § § § § § § § § § § § § § § § § § § § § § § § § § § § § § § § § § § § § § § § § § § § § § § § § § § § § § § § § § § § § § § § § § § § § § § § § 
96§ §s43§ § § § § § §s64§ § § § §s32§ §s42§ § § § § § § § § § § § § § § § § §s33§s34§s35§s36§s37§ § § § § § § § § § § § § § § § § § § § § § § § § § § § § § § § § § § § §39§ § §40§ § § §38§ §41§ § § § § § § § § § § § § § § §127§ § § § § § § § § § § § § § § § § § § § § § § § § § § § § § § 
97§ § § § § § § § § § § § § § §s128§ §s45§ § § § § § § § § § § § § § § § § § § § § § § § § § § § § § § § § § § § § § § § § § § § § § § § § § § § § § § § § § § § § § § § § § § § § § § § § § § § § § § § § § § § § § § § § § § § § § § § § § § § § § § § § § § § § § § § § § 
98§ §s43§ § § § § § §s64§ § § § §s32§ §s42§ § § §s22§ § § § § § §s29§s30§ § § § § §s33§s34§s35§s36§s37§ § § § § § § § § § § § § § § § § § § § § § § § § § § § § § § § § § § § §39§ § §40§ § § §38§ §41§ § §129§16§20§21§23§ §24§ §25§ §26§27§28§31§ § § § § § § § § § § § § § § § § § § § § § § § § § § § § § § 
99§ §r27§ § § § § § §r27§ § § § §r27§ §r27§ § § §r27§ § § § § § §r27§r27§ § § § § §r27§r27§r27§r27§r27§ § § § § § § § § § § § § § § § § § § § § § § § § § § § § § § § § § § § § § § § § § § § § § § § § § § § § § § § § § § § § § § § § § § § § § § § § § § § § § § § § § § § § § § § § § § § § 
100§ §r28§ § § § § § §r28§ § § § §r28§ §r28§ § § §r28§ § § § § § §r28§r28§ § § § § §r28§r28§r28§r28§r28§ § § § § § § § § § § § § § § § § § § § § § § § § § § § § § § § § § § § § § § § § § § § § § § § § § § § § § § § § § § § § § § § § § § § § § § § § § § § § § § § § § § § § § § § § § § § § 
101§ § §s130§ § § § § § § § § § § § § § § § § § § § § § § § § § § § § § § § § § § § § § § § § § § § § § § § § § § § § § § § § § § § § § § § § § § § § § § § § § § § § § § § § § § § § § § § § § § § § § § § § § § § § § § § § § § § § § § § § § § § § § § § § § § § § § § § 
102§ § §r40§ § § § § § § §s132§ § § § § §s45§ § § § § § § § § § § § § § § § § § § § § § § § § § § § § § § § § § § § § § § § § § § § § § § § § § § § § § § § § § § § § § § § § § § § §131§ § § § § § § § § § § § § § § § § § § § § § § § § § § § § § § § § § § § § § § § § § § § § 
103§r41§ §r41§ § § § § § § §r41§ § § §r41§ §r41§s61§ § § § § § § § § § § § § § § § § § § § § § § § § § § § § §r41§ § § § § § §r41§ § §r41§ § § § § § § § § § § § § § § § § § § § § § § § § § § § § § § § § § § § § § § § § § § § § § § § § § § § § § § § § § § § § § § § § § § § § § § § § 
104§r17§ § § § § § § § § § § § § § § § § § § § § § § § § § § § § § § § § § § § § § § § § § § § § § § § § § § § § § § § § § § § § § § § § § § § § § § § § § § § § § § § § § § § § § § § § § § § § § § § § § § § § § § § § § § § § § § § § § § § § § § § § § § § § § § § § § 
105§ § § § § § § § §s133§ § § § § § § § § § § § § § § § § § § § § § § § § § § § § § § § § § § § § § § § § § § § § § § § § § § § § § § § § § § § § § § § § § § § § § § § § § § § § § § § § § § § § § § § § § § § § § § § § § § § § § § § § § § § § § § § § § § § § § § § § § 
106§r19§ § § § § § § § § § § § § § § § § § § § § § § § § § § § § § § § § § § § § § § § § § § § § § § § § § § § § § § § § § § § § § § § § § § § § § § § § § § § § § § § § § § § § § § § § § § § § § § § § § § § § § § § § § § § § § § § § § § § § § § § § § § § § § § § § § 
107§ §s136§ §s137§s138§s139§s140§s141§ § § § § § § § § § § § § § § § § § § § § § § § § § § § § § § § § § § § § § § § § § § § § § § § § § § § § § § § § § § § § § §134§135§ § § § § § § § § § § § § § § § § § § § § § § § § § § § § § § § § § § § § § § § § § § § § § § § § § § § § § § § § § § 
108§r83§ § § § § § § § § § § § § § § § § § § § § § § § § § § § § § § § § § § § § § § § § § § § § § § § § § § § § § § § § § § § § § § § § § § § § § § § § § § § § § § § § § § § § § § § § § § § § § § § § § § § § § § § § § § § § § § § § § § § § § § § § § § § § § § § § § 
109§r84§ § § § § § § § § § § § § § § § § § § § § § § § § § § § § § § § § § § § § § § § § § § § § § § § § § § § § § § § § § § § § § § § § § § § § § § § § § § § § § § § § § § § § § § § § § § § § § § § § § § § § § § § § § § § § § § § § § § § § § § § § § § § § § § § § § 
110§r85§ § § § § § § § § § § § § § § §s45§ § § § § § § § § § § § § § § § § § § § § § § § § § § § § § § § § § § § § § § § § § § § § § § § § § § § § § § § § § § § § § § § § § § § § § § § § § § § § § § § § § § § § § § § § § § § § § § § § § § § § § § § § § § § § § § § § § 
111§ § § § § § § § § § § § § § §s142§ § § § § § § § § § § § § § § § § § § § § § § § § § § § § § § § § § § § § § § § § § § § § § § § § § § § § § § § § § § § § § § § § § § § § § § § § § § § § § § § § § § § § § § § § § § § § § § § § § § § § § § § § § § § § § § § § § § § 
112§ § § § § § § § § § §s144§ § § §r25§ §s45§ § § § § § § § § § § § § § § § § § § § § § § § § § § § § § § § § § § § § § § § § § § § § § § § § § § § § § § § § § § §143§ § § § § § § § § § § § § § § § § § § § § § § § § § § § § § § § § § § § § § § § § § § § § § § § § § § § § § 
113§ § §s145§ § § § § § § § § § § § § §s45§ § § § § § § § § § § § § § § § § § § § § § § § § § § § § § § § § § § § § § § § § § § § § § § § § § § § § § § § § § § § § § § § § § § § § § § § § § § § § § § § § § § § § § § § § § § § § § § § § § § § § § § § § § § § § § § § § § 
114§s146§ § § § § § § § § § § § § § § § § § § § § § § § § § § § § § § § § § § § § § § § § § § § § § § § § § § § § § § § § § § § § § § § § § § § § § § § § § § § § § § § § § § § § § § § § § § § § § § § § § § § § § § § § § § § § § § § § § § § § § § § § § § § § § § § § § 
115§r43§ §r43§ § § § § § § §r43§ § § §r43§ §r43§r43§s78§ § § § § § § § § § § § § § § § § § § § § § § § § § § § §r43§ § § § § § §r43§ § §r43§ § § § § § § § § § § § § § § § § § § § § § § § § § § § § § § § § § § § § § § § § § § § § § § § § § § § § § § § § § § § § § § § § § § § § § § § § 
116§s147§ § § § § § § § § § § § § § § § § § § § § § § § § § § § § § § § § § § § § § § § § § § § § § § § § § § § § § § § § § § § § § § § § § § § § § § § § § § § § § § § § § § § § § § § § § § § § § § § § § § § § § § § § § § § § § § § § § § § § § § § § § § § § § § § § § 
117§s148§ § § § § § § § § § § § § § § § § § § § § § § § § § § § § § § § § § § § § § § § § § § § § § § § § § § § § § § § § § § § § § § § § § § § § § § § § § § § § § § § § § § § § § § § § § § § § § § § § § § § § § § § § § § § § § § § § § § § § § § § § § § § § § § § § § 
118§ § § § § § § § § § § § § § § § § § § § § § § § § § § § § § § § § § § § § § § § § § § § § § § §s149§ § § § § § § § § § § § § § § § § § § § § § § § § § § § § § § § § § § § § § § § § § § § § § § § § § § § § § § § § § § § § § § § § § § § § § § § § § § § § § § § § § § 
119§ § § § § § § § § § § § § § § § § § § § § § § § § § § § § § § § § § § § § § § § § § § § § § § §s150§ § § § § § § § § § § § § § § § § § § § § § § § § § § § § § § § § § § § § § § § § § § § § § § § § § § § § § § § § § § § § § § § § § § § § § § § § § § § § § § § § § § 
120§s9§s43§ § § § § §s12§s11§s10§ § § §s32§ §s42§ § § §s22§ § § § § § §s29§s30§ § § § § §s33§s34§s35§s36§s37§ § § § § § § § §s17§ §r3§ §s18§ § § § § § § § § § § § §s19§ §r3§ §151§2§3§ § §4§ §39§ § §40§ § § §38§ §41§ § §8§16§20§21§23§ §24§ §25§ §26§27§28§31§5§ § § §13§ § §14§ § § § § § § § § § § § § §15§ §7§ § § § §6§ § 
121§r109§ § § § § § § § § § § § § § § § § § § § § § § § § § § § § § § § § § § § § § § § § § § § § § § § § § § § § § § § § § § § § § § § § § § § § § § § § § § § § § § § § § § § § § § § § § § § § § § § § § § § § § § § § § § § § § § § § § § § § § § § § § § § § § § § § § 
122§ § § § § § § § §s153§ § § § § § § § § § § § § § § § § § § § § § § § § § § § § § § § § § § § § § § § § § § § § § § § § § § § § § § § § § § § § § § § § § § § § § § § §152§ § § § § § § § § § § § § § § § § § § § § § § § § § § § § § § § § § § § § § § § § § § § § § § § § 
123§r45§ §r45§ § § § § § § §r45§ § § §r45§ §r45§r45§r45§ § § § § § § § § § § § § § § § § § § § § § § § § § § § §r45§ § § § § § §r45§ § §r45§ § § § § § § § § § § § § § § § § § § § § § § § § § § § § § § § § § § § § § § § § § § § § § § § § § § § § § § § § § § § § § § § § § § § § § § § § 
124§r49§ §r49§ § § § § § § §r49§ § § §r49§ §r49§r49§r49§ §r49§r49§r49§r49§r49§r49§s88§s89§ § § § § § § § § § § § § § § § § § § §r49§ § § § § § §r49§ § §r49§ § § § § § § § § § § § § § § § § § § § § § § § § § § § § § § § § § § §87§ § § § § § § § § § § § § § § § § § § § § § § § § § § § § § § § § § § § § 
125§r57§ §r57§ § § § § § § §r57§ § § §r57§ §r57§r57§r57§ §r57§r57§r57§r57§r57§r57§r57§r57§s91§s92§s93§s94§ § § § § § § § § § § § § § § §r57§ § § § § § §r57§ § §r57§ § § § § § § § § § § § § § § § § § § § § § § § § § § § § § § § § § § § § §90§ § § § § § § § § § § § § § § § § § § § § § § § § § § § § § § § § § § 
126§r61§ §r61§ § § § § § § §r61§ § § §r61§ §r61§r61§r61§ §r61§r61§r61§r61§r61§r61§r61§r61§r61§r61§r61§r61§ § § § § § § § § § § § § § § §r61§ § § § § § §r61§ § §r61§ § § § § § § § § § § § § § § § § § § § § § § § § § § § § § § § § § § § § § § § § § § § § § § § § § § § § § § § § § § § § § § § § § § § § § § § § 
127§r71§ §r71§ § § § § § § §r71§ § § §r71§ §r71§r71§r71§ §r71§r71§r71§r71§r71§r71§r71§r71§r71§r71§r71§r71§r71§ § § § § § § § § § § § § § §r71§ § § § § § §r71§ § §r71§ § § § § § § § § § § § § § § § § § § § § § § § § § § § § § § § § § § § § § § § § § § § § § § § § § § § § § § § § § § § § § § § § § § § § § § § § 
128§r73§ §r73§ § § § § § § §r73§ § § §r73§ §r73§r73§r73§ §r73§r73§r73§r73§r73§r73§r73§r73§r73§r73§r73§r73§r73§ § § § § § § § § § § § § § §r73§ § § § § § §r73§ § §r73§ § § § § § § § § § § § § § § § § § § § § § § § § § § § § § § § § § § § § § § § § § § § § § § § § § § § § § § § § § § § § § § § § § § § § § § § § 
129§ § § § § § § § § § §s154§ § § § § §s45§ § § § § § § § § § § § § § § § § § § § § § § § § § § § § § § § § § § § § § § § § § § § § § § § § § § § § § § § § § § § § § § § § § § § § § § § § § § § § § § § § § § § § § § § § § § § § § § § § § § § § § § § § § § § § § § § § § 
130§r36§ §r36§ § § § § § § §r36§ § § §r36§ §r36§r36§r36§ §r36§r36§r36§r36§r36§r36§r36§r36§r36§r36§r36§r36§r36§ § § § § § § § § § § § § § §r36§ § § § § § §r36§ § §r36§ § § § § § § § § § § § § § § § § § § § § § § § § § § § § § § § § § § § § § § § § § § § § § § § § § § § § § § § § § § § § § § § § § § § § § § § § 
131§ § §r37§ § § § § § § § § § § § § § § § § § § § § § § § § § § § § § § § § § § § § § § § § § § § § § § § § § § § § § § § § § § § § § § § § § § § § § § § § § § § § § § § § § § § § § § § § § § § § § § § § § § § § § § § § § § § § § § § § § § § § § § § § § § § § § § § 
132§ §s43§ § § § § § §s64§ § § § §s32§ §s42§ § § §s22§ § § § § § §s29§s30§ § § § § §s33§s34§s35§s36§s37§ § § § § § § § § § § § § § § § § § § § § § § § § § § § § § § § § § § § §39§ § §40§ § § §38§ §41§ § §155§16§20§21§23§ §24§ §25§ §26§27§28§31§ § § § § § § § § § § § § § § § § § § § § § § § § § § § § § § 
133§ § § § § § § § § § §s105§s106§s107§ § § § § § § § § § § § § § § § § § § § § § § § § § § § § § § § § § § § § § § § § § § § § § § § § § § § § § § § § § § § §156§ § § § § § § § § § § § § § § § § § § § § § § § § § § § § § § § § § § § § § § § § § § § § § § § § § § § § § § § § 
134§r20§ § § § § § § § § § § § § § § § § § § § § § § § § § § § § § § § § § § § § § § § § § § § § § § § § § § § § § § § § § § § § § § § § § § § § § § § § § § § § § § § § § § § § § § § § § § § § § § § § § § § § § § § § § § § § § § § § § § § § § § § § § § § § § § § § § 
135§r10§ §r10§ § § § § § § §r10§ § § §r10§ § § § § § § § § § § § § § § § § § § § § § § § § § § § § § § § §r10§ § § § § § § § § § § § § § § § § § § § § § § § § § § § § § § § § § § § § § § § § § § § § § § § § § § § § § § § § § § § § § § § § § § § § § § § § § § § § § § § § § § 
136§ §s136§ §s137§s138§s139§s140§s141§ § § § § § § § § § § § § § § § § § § § § § § § § § § § § § § § § § § § § § § § § § § § § § § § § § § § § § § § § § § § § § §157§135§ § § § § § § § § § § § § § § § § § § § § § § § § § § § § § § § § § § § § § § § § § § § § § § § § § § § § § § § § § § 
137§r12§ §r12§ § § § § § § §r12§ § § §r12§ § § § § § § § § § § § § § § § § § § § § § § § § § § § § § § § §r12§ § § § § § § § § § § § § § § § § § § § § § § § § § § § § § § § § § § § § § § § § § § § § § § § § § § § § § § § § § § § § § § § § § § § § § § § § § § § § § § § § § § 
138§r13§ §r13§ § § § § § § §r13§ § § §r13§ § § § § § § § § § § § § § § § § § § § § § § § § § § § § § § § §r13§ § § § § § § § § § § § § § § § § § § § § § § § § § § § § § § § § § § § § § § § § § § § § § § § § § § § § § § § § § § § § § § § § § § § § § § § § § § § § § § § § § § 
139§r14§ §r14§ § § § § § § §r14§ § § §r14§ § § § § § § § § § § § § § § § § § § § § § § § § § § § § § § § §r14§ § § § § § § § § § § § § § § § § § § § § § § § § § § § § § § § § § § § § § § § § § § § § § § § § § § § § § § § § § § § § § § § § § § § § § § § § § § § § § § § § § § 
140§r15§ §r15§ § § § § § § §r15§ § § §r15§ § § § § § § § § § § § § § § § § § § § § § § § § § § § § § § § §r15§ § § § § § § § § § § § § § § § § § § § § § § § § § § § § § § § § § § § § § § § § § § § § § § § § § § § § § § § § § § § § § § § § § § § § § § § § § § § § § § § § § § 
141§ § § § § § § § §s158§ § § § § § § § § § § § § § § § § § § § § § § § § § § § § § § § § § § § § § § § § § § § § § § § § § § § § § § § § § § § § § § § § § § § § § § § § § § § § § § § § § § § § § § § § § § § § § § § § § § § § § § § § § § § § § § § § § § § § § § § § § 
142§r21§ §r21§ § § § § § § §r21§ § § §r21§ §r21§r21§r21§ §r21§r21§r21§r21§r21§r21§r21§r21§r21§r21§r21§r21§r21§ § § § § § § § § § § § § § §r21§ § § § § § §r21§ § §r21§ § § § § § § § § § § § § § § § § § § § § § § § § § § § § § § § § § § § § § § § § § § § § § § § § § § § § § § § § § § § § § § § § § § § § § § § § 
143§ § § § § § § § § § § § § § §r22§ § § § § § § § § § § § § § § § § § § § § § § § § § § § § § § § § § § § § § § § § § § § § § § § § § § § § § § § § § § § § § § § § § § § § § § § § § § § § § § § § § § § § § § § § § § § § § § § § § § § § § § § § § § § § § § § § § § § 
144§ §s43§ § § § § § §s64§ § § § §s32§ §s42§ § § §s22§ § § § § § §s29§s30§ § § § § §s33§s34§s35§s36§s37§ § § § § § § § § § § § § § § § § § § § § § § § § § § § § § § § § § § § §39§ § §40§ § § §38§ §41§ § §159§16§20§21§23§ §24§ §25§ §26§27§28§31§ § § § § § § § § § § § § § § § § § § § § § § § § § § § § § § 
145§r35§s59§r35§ § § § § § § §r35§ § § §r35§ §r35§r35§r35§ §r35§r35§r35§r35§r35§r35§r35§r35§r35§r35§r35§r35§r35§ § § § § § § § § § § § § § §r35§ § § § § § §r35§ § §r35§ § §r35§r35§r35§ § § § § § § § § § § § § § § § § § § §160§ § § § § § § § § § § § § § § § § § § § § § § § § § § § § § § § § § § § § § § § § § § § § § § § 
146§ § § § § § § § § §s10§ § § § § § § § § § § § § § § § § § § § § § § § § § § § § § § § § § § § § § § § § § § § § § § § § § § § § § § § § § § § § § §162§ § § § § § § § § § § § § § § § § § § § § § § § § § § § § § § § § § § § § § § § § § § § § § § § § § § § § § § § §161§ 
147§s9§s43§ § § § § §s12§s11§s10§ § § §s32§ §s42§ § § §s22§ § § § § § §s29§s30§ § § § § §s33§s34§s35§s36§s37§ § § § § § § § §s17§ §r3§ §s18§ § § § § § § § § § § § §s19§ §r3§ §163§2§3§ § §4§ §39§ § §40§ § § §38§ §41§ § §8§16§20§21§23§ §24§ §25§ §26§27§28§31§5§ § § §13§ § §14§ § § § § § § § § § § § § §15§ §7§ § § § §6§ § 
148§ § § § § § § § § § § § § § § § § § § § § § § § § § § § § § § § § § § § § § § § § § § § § § § § § § § §s165§ § § § § § § § § § § § § § § § § § § § § § § § § § § § § § § § § § § § § § § § § § § § § § § § § § § § § § § § §164§ § § § § § § § § § § § § § § § § § § § § § 
149§s166§ § § § § § § § § § § § § § § § § § § § § § § § § § § § § § § § § § § § § § § § § § § § § § § § § § § § § § § § § § § § § § § § § § § § § § § § § § § § § § § § § § § § § § § § § § § § § § § § § § § § § § § § § § § § § § § § § § § § § § § § § § § § § § § § § § 
150§s167§ § § § § § § § § § § § § § § § § § § § § § § § § § § § § § § § § § § § § § § § § § § § § § § § § § § § § § § § § § § § § § § § § § § § § § § § § § § § § § § § § § § § § § § § § § § § § § § § § § § § § § § § § § § § § § § § § § § § § § § § § § § § § § § § § § 
151§ § § § § § § § § § § § § § § § § § § § § § § § § § § § § § § § § § § § § § § § § § § § § § § § §s168§ § § § § § § § § § § § § § § § § § § § § § § § § § § § § § § § § § § § § § § § § § § § § § § § § § § § § § § § § § § § § § § § § § § § § § § § § § § § § § § § § § 
152§ § § § § § § § § § § § § § § § § § § § § § § § § § § § § § § § § § § § § § § § § § § § § § § § § § § § § § § § § § § § §s170§s171§s172§ § § § § § § § § § § § § § § § § § § § § § § § § § § § § § § § § § § § § § § § § § § § § § § § § § § § § § § § § §169§ § § § § § § § § § 
153§r35§s59§r35§ § § § § § § §r35§ § § §r35§ §r35§r35§r35§ §r35§r35§r35§r35§r35§r35§r35§r35§r35§r35§r35§r35§r35§ § § § § § § § § § § § § § §r35§ § § § § § §r35§ § §r35§ § §r35§r35§r35§ § § § § § § § § § § § § § § § § § § §49§ § § § § § § § § § § § § § § § § § § § § § § § § § § § § § § § § § § § § § § § § § § § § § § § 
154§ §s43§ § § § § § §s64§ § § § §s32§ §s42§ § § §s22§ § § § § § §s29§s30§ § § § § §s33§s34§s35§s36§s37§ § § § § § § § § § § § § § § § § § § § § § § § § § § § § § § § § § § § §39§ § §40§ § § §38§ §41§ § §173§16§20§21§23§ §24§ §25§ §26§27§28§31§ § § § § § § § § § § § § § § § § § § § § § § § § § § § § § § 
155§ § §r40§ § § § § § § §s132§ § § § § §s45§ § § § § § § § § § § § § § § § § § § § § § § § § § § § § § § § § § § § § § § § § § § § § § § § § § § § § § § § § § § § § § § § § § § § §174§ § § § § § § § § § § § § § § § § § § § § § § § § § § § § § § § § § § § § § § § § § § § § 
156§r18§ § § § § § § § § § § § § § § § § § § § § § § § § § § § § § § § § § § § § § § § § § § § § § § § § § § § § § § § § § § § § § § § § § § § § § § § § § § § § § § § § § § § § § § § § § § § § § § § § § § § § § § § § § § § § § § § § § § § § § § § § § § § § § § § § § 
157§ § §s175§ § § § § § § § § § § § § § § § § § § § § § § § § § § § § § § § § § § § § § § § § § § § § § § § § § § § § § § § § § § § § § § § § § § § § § § § § § § § § § § § § § § § § § § § § § § § § § § § § § § § § § § § § § § § § § § § § § § § § § § § § § § § § § § § 
158§r16§ §r16§ § § § § § § §r16§ § § §r16§ § § § § § § § § § § § § § § § § § § § § § § § § § § § § § § § §r16§ § § § § § § § § § § § § § § § § § § § § § § § § § § § § § § § § § § § § § § § § § § § § § § § § § § § § § § § § § § § § § § § § § § § § § § § § § § § § § § § § § § 
159§ § § § § § § § § § §s144§ § § §r25§ §s45§ § § § § § § § § § § § § § § § § § § § § § § § § § § § § § § § § § § § § § § § § § § § § § § § § § § § § § § § § § § §176§ § § § § § § § § § § § § § § § § § § § § § § § § § § § § § § § § § § § § § § § § § § § § § § § § § § § § § 
160§r34§ §r34§ § § § § § § §r34§ § § §r34§ §r34§r34§r34§ §r34§r34§r34§r34§r34§r34§r34§r34§r34§r34§r34§r34§r34§ § § § § § § § § § § § § § §r34§ § § § § § §r34§ § §r34§ § §r34§r34§r34§ § § § § § § § § § § § § § § § § § § § § § § § § § § § § § § § § § § § § § § § § § § § § § § § § § § § § § § § § § § § § § § § § § § § 
161§ § § § § § § § § § § § § § § § § § § § § § § § § § § § § § § § § § § § § § § § § § § § § § § § §s177§ § § § § § § § § § § § § § § § § § § § § § § § § § § § § § § § § § § § § § § § § § § § § § § § § § § § § § § § § § § § § § § § § § § § § § § § § § § § § § § § § § 
162§s178§ § § § § § § § § § § § § § § § § § § § § § § § § § § § § § § § § § § § § § § § § § § § § § § § § § § § § § § § § § § § § § § § § § § § § § § § § § § § § § § § § § § § § § § § § § § § § § § § § § § § § § § § § § § § § § § § § § § § § § § § § § § § § § § § § § 
163§ § § § § § § § § § § § § § § § § § § § § § § § § § § § § § § § § § § § § § § § § § § § § § § § §s179§ § § § § § § § § § § § § § § § § § § § § § § § § § § § § § § § § § § § § § § § § § § § § § § § § § § § § § § § § § § § § § § § § § § § § § § § § § § § § § § § § § 
164§ § § § § § § § § § § § § § § § § § § § § § § § § § § § § § § § § § § § § § § § § § § § § § § § §s180§ § § § § § § § § § § § § § § § § § § § § § § § § § § § § § § § § § § § § § § § § § § § § § § § § § § § § § § § § § § § § § § § § § § § § § § § § § § § § § § § § § 
165§ § § § § § § § § § § § § § § § § § § § § § § § § § § § § § § § § § § § § § § § § § § § § § § § § § § § §s181§ § § § § § § § § § § § § § § § § § § § § § § § § § § § § § § § § § § § § § § § § § § § § § § § § § § § § § § § § § § § § § § § § § § § § § § § § § § § § § 
166§s9§s43§ § § § § §s12§s11§s10§ § § §s32§ §s42§ § § §s22§ § § § § § §s29§s30§ § § § § §s33§s34§s35§s36§s37§ § § § § § § § §s17§ §r3§ §s18§ § § § § § § § § § § § §s19§ §r3§ §182§2§3§ § §4§ §39§ § §40§ § § §38§ §41§ § §8§16§20§21§23§ §24§ §25§ §26§27§28§31§5§ § § §13§ § §14§ § § § § § § § § § § § § §15§ §7§ § § § §6§ § 
167§s9§s43§ § § § § §s12§s11§s10§ § § §s32§ §s42§ § § §s22§ § § § § § §s29§s30§ § § § § §s33§s34§s35§s36§s37§ § § § § § § § §s17§ §r3§ §s18§ § § § § § § § § § § § §s19§ §r3§ §183§2§3§ § §4§ §39§ § §40§ § § §38§ §41§ § §8§16§20§21§23§ §24§ §25§ §26§27§28§31§5§ § § §13§ § §14§ § § § § § § § § § § § § §15§ §7§ § § § §6§ § 
168§ § § § § § § § § § § § § § § § § § § § § § § § § § § § § § § § § § § § § § § § § § § § § § § § § § § § § § § §s184§s185§ § § § § § § § § § § § § § § § § § § § § § § § § § § § § § § § § § § § § § § § § § § § § § § § § § § § § § § § § § § § § § § § § § § § § § § § § § 
169§ §s43§ § § § § § §s64§ § § § §s32§ §s42§ § § §s22§ § § § § § §s29§s30§ § § § § §s33§s34§s35§s36§s37§ § § § § § § § § § § § § § § § § § § § § § § § § § § § § § § § § § § § §39§ § §40§ § § §38§ §41§ § §186§16§20§21§23§ §24§ §25§ §26§27§28§31§ § § § § § § § § § § § § § § § § § § § § § § § § § § § § § § 
170§ §r117§ § § § § § §r117§ § § § §r117§ §r117§ § § §r117§ § § § § § §r117§r117§ § § § § §r117§r117§r117§r117§r117§ § § § § § § § § § § § § § § § § § § § § § § § § § § § § § § § § § § § § § § § § § § § § § § § § § § § § § § § § § § § § § § § § § § § § § § § § § § § § § § § § § § § § § § § § § § § § 
171§ §r118§ § § § § § §r118§ § § § §r118§ §r118§ § § §r118§ § § § § § §r118§r118§ § § § § §r118§r118§r118§r118§r118§ § § § § § § § § § § § § § § § § § § § § § § § § § § § § § § § § § § § § § § § § § § § § § § § § § § § § § § § § § § § § § § § § § § § § § § § § § § § § § § § § § § § § § § § § § § § § 
172§ §r119§ § § § § § §r119§ § § § §r119§ §r119§ § § §r119§ § § § § § §r119§r119§ § § § § §r119§r119§r119§r119§r119§ § § § § § § § § § § § § § § § § § § § § § § § § § § § § § § § § § § § § § § § § § § § § § § § § § § § § § § § § § § § § § § § § § § § § § § § § § § § § § § § § § § § § § § § § § § § § 
173§ § §s191§ § § § § § § §s188§ § § §s190§ §s45§ § § § § § § § § § § § § § § § § § § § § § § § § § § § § § § § § § § § § § § § § § § § § § § § § § § § § § § § § § § § § § §189§187§ § § § § § § § § § § § § § § § § § § § § § § § § § § § § § § § § § § § § § § § § § § § § § § § § § 
174§ § §r39§ § § § § § § § § § § § § § § § § § § § § § § § § § § § § § § § § § § § § § § § § § § § § § § § § § § § § § § § § § § § § § § § § § § § § § § § § § § § § § § § § § § § § § § § § § § § § § § § § § § § § § § § § § § § § § § § § § § § § § § § § § § § § § § § 
175§r11§ §r11§ § § § § § § §r11§ § § §r11§ § § § § § § § § § § § § § § § § § § § § § § § § § § § § § § § §r11§ § § § § § § § § § § § § § § § § § § § § § § § § § § § § § § § § § § § § § § § § § § § § § § § § § § § § § § § § § § § § § § § § § § § § § § § § § § § § § § § § § § 
176§ § § § § § § § § § § § § § §r24§ § § § § § § § § § § § § § § § § § § § § § § § § § § § § § § § § § § § § § § § § § § § § § § § § § § § § § § § § § § § § § § § § § § § § § § § § § § § § § § § § § § § § § § § § § § § § § § § § § § § § § § § § § § § § § § § § § § § 
177§r137§ § § § § § § § § § § § § § § § § § § § § § § § § § § § § § § § § § § § § § § § § § § § § § § § § § § § § § § § § § § § § § § § § § § § § § § § § § § § § § § § § § § § § § § § § § § § § § § § § § § § § § § § § § § § § § § § § § § § § § § § § § § § § § § § § § 
178§ § § § § § § § § §s10§ § § § § § § § § § § § § § § § § § § § § § § § § § § § § § § § § § § § § § §r140§ § § § § § § § § § § § § § § § § § § § § § § §193§ § § § § § § § § § § § § § § § § § § § § § § § § § § § § § § § § § § § § § § § § § § § § § § § § § § § § § § § § §192
179§ § § § § § § § § § § § § § § § § § § § § § § § § § § § § § § § § § § § § § § § § § § § § § § § § §s195§ § § § § § § § § § § § § § § § § § § § § § § § § § § § § § § § § § § § § § § § § § § § § § § § § § § § § § § §194§ § § § § § § § § § § § § § § § § § § § § § § § § 
180§r100§ § § § § § § § § § § § § § § § § § § § § § § § § § § § § § § § § § § § § § § § § § § § § § § § § § § § § § § § § § § § § § § § § § § § § § § § § § § § § § § § § § § § § § § § § § § § § § § § § § § § § § § § § § § § § § § § § § § § § § § § § § § § § § § § § § 
181§ §s43§ § § § § § §s64§ § § § §s32§ §s42§ § § §s22§ § § § § § §s29§s30§ § § § § §s33§s34§s35§s36§s37§ § § § § § § § § § § § § § § § § § § § § § § § § § § § § § § § § § § § §39§ § §40§ § § §38§ §41§ § §196§16§20§21§23§ §24§ §25§ §26§27§28§31§ § § § § § § § § § § § § § § § § § § § § § § § § § § § § § § 
182§ § § § § § § § § § § § § § § § § § § § § § § § § § § § § § § § § § § § § § § § § § § § § § § § §s197§ § § § § § § § § § § § § § § § § § § § § § § § § § § § § § § § § § § § § § § § § § § § § § § § § § § § § § § § § § § § § § § § § § § § § § § § § § § § § § § § § § 
183§ § § § § § § § § § § § § § § § § § § § § § § § § § § § § § § § § § § § § § § § § § § § § § § § §s198§ § § § § § § § § § § § § § § § § § § § § § § § § § § § § § § § § § § § § § § § § § § § § § § § § § § § § § § § § § § § § § § § § § § § § § § § § § § § § § § § § § 
184§ §s43§ § § § § § §s64§ § § § §s32§ §s42§ § § §s22§ § § § § § §s29§s30§ § § § § §s33§s34§s35§s36§s37§ § § § § § § § § § § § § § § § § § § § § § § § § § § § § § § § § § § § §39§ § §40§ § § §38§ §41§ § §63§16§20§21§23§ §24§ §25§ §26§27§28§31§ § § §199§ § § § § § § § § § § § § § § § § § § § § § § § § § § 
185§ §s43§ § § § § § §s64§ § § § §s32§ §s42§ § § §s22§ § § § § § §s29§s30§ § § § § §s33§s34§s35§s36§s37§ § § § § § § § § § § § § § § § § § § § § § § § § § § § § § § § § § § § §39§ § §40§ § § §38§ §41§ § §63§16§20§21§23§ §24§ §25§ §26§27§28§31§ § § §200§ § § § § § § § § § § § § § § § § § § § § § § § § § § 
186§ § § § § § § § § § § § § § § § §s45§ § § § § § § § § § § § § § § § § § § § § § § § § § § § § § §s201§ § § § § § § § § § § § § § § § § § § § § § § § § § § § § § § § § § § § § § § § § § § § § § § § § § § § § § § § § § § § § § § § § § § § § § § § § § § § § § § § § § § 
187§r26§ §r26§ § § § § § § §r26§ § § §r26§ §r26§r26§r26§ §r26§r26§r26§r26§r26§r26§r26§r26§r26§r26§r26§r26§r26§ § § § § § § § § § § § § § §r26§ § § § § § §r26§ § §r26§ § § § § § § § § § § § § § § § § § § § § § § § § § § § § § § § § § § § § § § § § § § § § § § § § § § § § § § § § § § § § § § § § § § § § § § § § 
188§ §s43§ § § § § § §s64§ § § § §s32§ §s42§ § § §s22§ § § § § § §s29§s30§ § § § § §s33§s34§s35§s36§s37§ § § § § § § § § § § § § § § § § § § § § § § § § § § § § § § § § § § § §39§ § §40§ § § §38§ §41§ § §202§16§20§21§23§ §24§ §25§ §26§27§28§31§ § § § § § § § § § § § § § § § § § § § § § § § § § § § § § § 
189§r32§ §r32§ § § § § § § §r32§ § § §r32§ §r32§r32§r32§ §r32§r32§r32§r32§r32§r32§r32§r32§r32§r32§r32§r32§r32§ § § § § § § § § § § § § § §r32§ § § § § § §r32§ § §r32§ § § § § § § § § § § § § § § § § § § § § § § § § § § § § § § § § § § § § § § § § § § § § § § § § § § § § § § § § § § § § § § § § § § § § § § § § 
190§r29§ §r29§ § § § § § § §r29§ § § §r29§ §r29§r29§r29§ §r29§r29§r29§r29§r29§r29§r29§r29§r29§r29§r29§r29§r29§ § § § § § § § § § § § § § §r29§ § § § § § §r29§ § §r29§ § § § § § § § § § § § § § § § § § § § § § § § § § § § § § § § § § § § § § § § § § § § § § § § § § § § § § § § § § § § § § § § § § § § § § § § § 
191§r30§ §r30§ § § § § § § §r30§ § § §r30§ §r30§r30§r30§ §r30§r30§r30§r30§r30§r30§r30§r30§r30§r30§r30§r30§r30§ § § § § § § § § § § § § § §r30§ § § § § § §r30§ § §r30§ § § § § § § § § § § § § § § § § § § § § § § § § § § § § § § § § § § § § § § § § § § § § § § § § § § § § § § § § § § § § § § § § § § § § § § § § 
192§ § § § § § § § § § § § § § § § § § § § § § § § § § § § § § § § § § § § § § § § § § § § § § § § §r138§ § § § § § § § § § § § § § § § § § § § § § § § § § § § § § § § § § § § § § § § § § § § § § § § § § § § § § § § § § § § § § § § § § § § § § § § § § § § § § § § § § 
193§s203§ § § § § § § § § § § § § § § § § § § § § § § § § § § § § § § § § § § § § § § § § § § § § § § § § § § § § § § § § § § § § § § § § § § § § § § § § § § § § § § § § § § § § § § § § § § § § § § § § § § § § § § § § § § § § § § § § § § § § § § § § § § § § § § § § § 
194§r95§ § § § § § § § § § § § § § § § § § § § § § § § § § § § § § § § § § § § § § § § § § § § § § § § § § § § § § § § § § § § § § § § § § § § § § § § § § § § § § § § § § § § § § § § § § § § § § § § § § § § § § § § § § § § § § § § § § § § § § § § § § § § § § § § § § 
195§r99§ § § § § § § § § § § § § § § § § § § § § § § § § § § § § § § § § § § § § § § § § § § § § §s17§s206§ § § § § § § § § § § § § § § § § § § § § § § § § § § § § § § § § § § § § § § § § § § § § § § § § § § § § § § § §205§ §204§ § § § § § § § § § § § § § § § § § § § § § § § 
196§ § § § § § § § § § § § § § § § §s45§ § § § § § § § § § § § § § § § § § § § § § § § § § § § § § §s207§ § § § § § § § § § § § § § § § § § § § § § § § § § § § § § § § § § § § § § § § § § § § § § § § § § § § § § § § § § § § § § § § § § § § § § § § § § § § § § § § § § § 
197§r106§ § § § § § § § § § § § § § § § § § § § § § § § § § § § § § § § § § § § § § § § § § § § § § § § § § § § § § § § § § § § § § § § § § § § § § § § § § § § § § § § § § § § § § § § § § § § § § § § § § § § § § § § § § § § § § § § § § § § § § § § § § § § § § § § § § 
198§r107§ § § § § § § § § § § § § § § § § § § § § § § § § § § § § § § § § § § § § § § § § § § § § § § § § § § § § § § § § § § § § § § § § § § § § § § § § § § § § § § § § § § § § § § § § § § § § § § § § § § § § § § § § § § § § § § § § § § § § § § § § § § § § § § § § § 
199§s208§ § § § § § § § § § § § § § § § § § § § § § § § § § § § § § § § § § § § § § § § § § § § § § § § § § § § § § § § § § § § § § § § § § § § § § § § § § § § § § § § § § § § § § § § § § § § § § § § § § § § § § § § § § § § § § § § § § § § § § § § § § § § § § § § § § 
200§r115§ § § § § § § § § § § § § § § § § § § § § § § § § § § § § § § § § § § § § § § § § § § § § § § § § § § § § § § § §s210§ § § § § § § § § § § § § § § § § § § § § § § § § § § § § § § § § § § § § § § § § § § § § § § § § § § § § § § § § § § § §209§ § § § § § § § § § § § 
201§s211§ § § § § § § § § § § § § § § § § § § § § § § § § § § § § § § § § § § § § § § § § § § § § § § § § § § § § § § § § § § § § § § § § § § § § § § § § § § § § § § § § § § § § § § § § § § § § § § § § § § § § § § § § § § § § § § § § § § § § § § § § § § § § § § § § § 
202§ § §s191§ § § § § § § § § § § §s190§ §s45§ § § § § § § § § § § § § § § § § § § § § § § § § § § § § § § § § § § § § § § § § § § § § § § § § § § § § § § § § § § § § § §212§ § § § § § § § § § § § § § § § § § § § § § § § § § § § § § § § § § § § § § § § § § § § § § § § § § § 
203§ § § § § § § § § §s10§ § § § § § § § § § § § § § § § § § § § § § § § § § § § § § § § § § § § § § §r140§ § § § § § § § § § § § § § § § § § § § § § § §193§ § § § § § § § § § § § § § § § § § § § § § § § § § § § § § § § § § § § § § § § § § § § § § § § § § § § § § § § § §213
204§r96§ § § § § § § § § § § § § § § § § § § § § § § § § § § § § § § § § § § § § § § § § § § § § § § § § § § § § § § § § § § § § § § § § § § § § § § § § § § § § § § § § § § § § § § § § § § § § § § § § § § § § § § § § § § § § § § § § § § § § § § § § § § § § § § § § § 
205§r97§ § § § § § § § § § § § § § § § § § § § § § § § § § § § § § § § § § § § § § § § § § § § § § § § § § § § § § § § § § § § § § § § § § § § § § § § § § § § § § § § § § § § § § § § § § § § § § § § § § § § § § § § § § § § § § § § § § § § § § § § § § § § § § § § § § 
206§s214§ § § § § § § § § § § § § § § § § § § § § § § § § § § § § § § § § § § § § § § § § § § § § § § § § § § § § § § § § § § § § § § § § § § § § § § § § § § § § § § § § § § § § § § § § § § § § § § § § § § § § § § § § § § § § § § § § § § § § § § § § § § § § § § § § § 
207§s215§ § § § § § § § § § § § § § § § § § § § § § § § § § § § § § § § § § § § § § § § § § § § § § § § § § § § § § § § § § § § § § § § § § § § § § § § § § § § § § § § § § § § § § § § § § § § § § § § § § § § § § § § § § § § § § § § § § § § § § § § § § § § § § § § § § 
208§r108§ § § § § § § § § § § § § § § § § § § § § § § § § § § § § § § § § § § § § § § § § § § § § § § § § § § § § § § § § § § § § § § § § § § § § § § § § § § § § § § § § § § § § § § § § § § § § § § § § § § § § § § § § § § § § § § § § § § § § § § § § § § § § § § § § § 
209§r113§ § § § § § § § § § § § § § § § § § § § § § § § § § § § § § § § § § § § § § § § § § § § § § § § § § § § § § § § § § § § § § § § § § § § § § § § § § § § § § § § § § § § § § § § § § § § § § § § § § § § § § § § § § § § § § § § § § § § § § § § § § § § § § § § § § 
210§r114§ § § § § § § § § § § § § § § § § § § § § § § § § § § § § § § § § § § § § § § § § § § § § § § § § § § § § § § § § § § § § § § § § § § § § § § § § § § § § § § § § § § § § § § § § § § § § § § § § § § § § § § § § § § § § § § § § § § § § § § § § § § § § § § § § § 
211§s9§s43§ § § § § §s12§s11§s10§ § § §s32§ §s42§ § § §s22§ § § § § § §s29§s30§ § § § § §s33§s34§s35§s36§s37§ § § § § § § § §s17§ §r3§ §s18§ § § § § § § § § § § § §s19§ §r3§ §216§2§3§ § §4§ §39§ § §40§ § § §38§ §41§ § §8§16§20§21§23§ §24§ §25§ §26§27§28§31§5§ § § §13§ § §14§ § § § § § § § § § § § § §15§ §7§ § § § §6§ § 
212§r31§ §r31§ § § § § § § §r31§ § § §r31§ §r31§r31§r31§ §r31§r31§r31§r31§r31§r31§r31§r31§r31§r31§r31§r31§r31§ § § § § § § § § § § § § § §r31§ § § § § § §r31§ § §r31§ § § § § § § § § § § § § § § § § § § § § § § § § § § § § § § § § § § § § § § § § § § § § § § § § § § § § § § § § § § § § § § § § § § § § § § § § 
213§ § § § § § § § § § § § § § § § § § § § § § § § § § § § § § § § § § § § § § § § § § § § § § § § §r139§ § § § § § § § § § § § § § § § § § § § § § § § § § § § § § § § § § § § § § § § § § § § § § § § § § § § § § § § § § § § § § § § § § § § § § § § § § § § § § § § § § 
214§s9§s43§ § § § § §s12§s11§s10§ § § §s32§ §s42§ § § §s22§ § § § § § §s29§s30§ § § § § §s33§s34§s35§s36§s37§ § § § § § § § §s17§ §r3§ §s18§ § § § § § § § § § § § §s19§ §r3§ §217§2§3§ § §4§ §39§ § §40§ § § §38§ §41§ § §8§16§20§21§23§ §24§ §25§ §26§27§28§31§5§ § § §13§ § §14§ § § § § § § § § § § § § §15§ §7§ § § § §6§ § 
215§s9§s43§ § § § § §s12§s11§s10§ § § §s32§ §s42§ § § §s22§ § § § § § §s29§s30§ § § § § §s33§s34§s35§s36§s37§ § § § § § § § §s17§ §r3§ §s18§ § § § § § § § § § § § §s19§ §r3§ §218§2§3§ § §4§ §39§ § §40§ § § §38§ §41§ § §8§16§20§21§23§ §24§ §25§ §26§27§28§31§5§ § § §13§ § §14§ § § § § § § § § § § § § §15§ §7§ § § § §6§ § 
216§ § § § § § § § § § § § § § § § § § § § § § § § § § § § § § § § § § § § § § § § § § § § § § § § §s219§ § § § § § § § § § § § § § § § § § § § § § § § § § § § § § § § § § § § § § § § § § § § § § § § § § § § § § § § § § § § § § § § § § § § § § § § § § § § § § § § § § 
217§ § § § § § § § § § § § § § § § § § § § § § § § § § § § § § § § § § § § § § § § § § § § § § § § §s220§ § § § § § § § § § § § § § § § § § § § § § § § § § § § § § § § § § § § § § § § § § § § § § § § § § § § § § § § § § § § § § § § § § § § § § § § § § § § § § § § § § 
218§ § § § § § § § § § § § § § § § § § § § § § § § § § § § § § § § § § § § § § § § § § § § § § § § §s221§ § § § § § § § § § § § § § § § § § § § § § § § § § § § § § § § § § § § § § § § § § § § § § § § § § § § § § § § § § § § § § § § § § § § § § § § § § § § § § § § § § 
219§r116§ § § § § § § § § § § § § § § § § § § § § § § § § § § § § § § § § § § § § § § § § § § § § § § § § § § § § § § § § § § § § § § § § § § § § § § § § § § § § § § § § § § § § § § § § § § § § § § § § § § § § § § § § § § § § § § § § § § § § § § § § § § § § § § § § § 
220§r98§ § § § § § § § § § § § § § § § § § § § § § § § § § § § § § § § § § § § § § § § § § § § § § § § § § § § § § § § § § § § § § § § § § § § § § § § § § § § § § § § § § § § § § § § § § § § § § § § § § § § § § § § § § § § § § § § § § § § § § § § § § § § § § § § § § 
221§s224§ § § § § § § § § § § § § § § § § § § § § § § § § § § § § § § § § § § § § § § § § § § § § § § § § § §s223§ § § § § § § § § § § § § § § § § § § § § § § § § § § § § § § § § § § § § § § § § § § § § § § § § § § § § § § § § §222§ § § § § § § § § § § § § § § § § § § § § 
222§ § § § § § § § § § § § § § § § § § § § § § § § § § § § § § § § § § § § § § § § § § § § § § § § §r101§ § § § § § § § § § § § § § § § § § § § § § § § § § § § § § § § § § § § § § § § § § § § § § § § § § § § § § § § § § § § § § § § § § § § § § § § § § § § § § § § § § 
223§ § § § § § § § § § § § § § § § § § § § § § § § § § § § § § § § § § § § § § § § § § § § § § § § § § § § §s225§ § § § § § § § § § § § § § § § § § § § § § § § § § § § § § § § § § § § § § § § § § § § § § § § § § § § § § § § § § § § § § § § § § § § § § § § § § § § § § 
224§ § § § § § § § § § § § § § § § § § § § § § § § § § § § § § § § § § § § § § § § § § § § § § § § §r103§ § § § § § § § § § § § § § § § § § § § § § § § § § § § § § § § § § § § § § § § § § § § § § § § § § § § § § § § § § § § § § § § § § § § § § § § § § § § § § § § § § 
225§ §s43§ § § § § § §s64§ § § § §s32§ §s42§ § § §s22§ § § § § § §s29§s30§ § § § § §s33§s34§s35§s36§s37§ § § § § § § § § § § § § § § §s228§ § § § § § § § § § § § § § § § § § § § §39§ § §40§ § § §38§ §41§ § §227§16§20§21§23§ §24§ §25§ §26§27§28§31§ § § § § § § § § § §226§ § § § § § § § § § § § § § § § § § § § 
226§ § § § § § § § § § § § § § § § § § § § § § § § § § § § § § § § § § § § § § § § § § § § § § § § §r102§ § § § § § § § § § § § § § § § § § § § § § § § § § § § § § § § § § § § § § § § § § § § § § § § § § § § § § § § § § § § § § § § § § § § § § § § § § § § § § § § § § 
227§ § § § § § § § § § § § § § § § §s45§ § § § § § § § § § § § § § § § § § § § § § § § § § § § § § §s229§ § § § § § § § § § § § § § § § § § § § § § § § § § § § § § § § § § § § § § § § § § § § § § § § § § § § § § § § § § § § § § § § § § § § § § § § § § § § § § § § § § § 
228§ § § § § § § § § § § § § § § § § § § § § § § § § § § § § § § § § § § § § § § § § § § § § § § §s230§ § § § § § § § § § § § § § § § § § § § § § § § § § § § § § § § § § § § § § § § § § § § § § § § § § § § § § § § § § § § § § § § § § § § § § § § § § § § § § § § § § § 
229§s231§ § § § § § § § § § § § § § § § § § § § § § § § § § § § § § § § § § § § § § § § § § § § § § § § § § § § § § § § § § § § § § § § § § § § § § § § § § § § § § § § § § § § § § § § § § § § § § § § § § § § § § § § § § § § § § § § § § § § § § § § § § § § § § § § § § 
230§s232§ § § § § § § § § § § § § § § § § § § § § § § § § § § § § § § § § § § § § § § § § § § § § § § § § § § § § § § § § § § § § § § § § § § § § § § § § § § § § § § § § § § § § § § § § § § § § § § § § § § § § § § § § § § § § § § § § § § § § § § § § § § § § § § § § § 
231§s9§s43§ § § § § §s12§s11§s10§ § § §s32§ §s42§ § § §s22§ § § § § § §s29§s30§ § § § § §s33§s34§s35§s36§s37§ § § § § § § § §s17§ §r3§ §s18§ § § § § § § § § § § § §s19§ §r3§ §233§2§3§ § §4§ §39§ § §40§ § § §38§ §41§ § §8§16§20§21§23§ §24§ §25§ §26§27§28§31§5§ § § §13§ § §14§ § § § § § § § § § § § § §15§ §7§ § § § §6§ § 
232§s9§s43§ § § § § §s12§s11§s10§ § § §s32§ §s42§ § § §s22§ § § § § § §s29§s30§ § § § § §s33§s34§s35§s36§s37§ § § § § § § § §s17§ §r3§ §s18§ § § § § § § § § § § § §s19§ §r3§ §234§2§3§ § §4§ §39§ § §40§ § § §38§ §41§ § §8§16§20§21§23§ §24§ §25§ §26§27§28§31§5§ § § §13§ § §14§ § § § § § § § § § § § § §15§ §7§ § § § §6§ § 
233§ § § § § § § § § § § § § § § § § § § § § § § § § § § § § § § § § § § § § § § § § § § § § § § § §s235§ § § § § § § § § § § § § § § § § § § § § § § § § § § § § § § § § § § § § § § § § § § § § § § § § § § § § § § § § § § § § § § § § § § § § § § § § § § § § § § § § § 
234§ § § § § § § § § § § § § § § § § § § § § § § § § § § § § § § § § § § § § § § § § § § § § § § § §s236§ § § § § § § § § § § § § § § § § § § § § § § § § § § § § § § § § § § § § § § § § § § § § § § § § § § § § § § § § § § § § § § § § § § § § § § § § § § § § § § § § § 
235§s224§ § § § § § § § § § § § § § § § § § § § § § § § § § § § § § § § § § § § § § § § § § § § § § § § § § §s223§ § § § § § § § § § § § § § § § § § § § § § § § § § § § § § § § § § § § § § § § § § § § § § § § § § § § § § § § § §237§ § § § § § § § § § § § § § § § § § § § § 
236§s238§ § § § § § § § § § § § § § § § § § § § § § § § § § § § § § § § § § § § § § § § § § § § § § § § § § § § § § § § § § § § § § § § § § § § § § § § § § § § § § § § § § § § § § § § § § § § § § § § § § § § § § § § § § § § § § § § § § § § § § § § § § § § § § § § § § 
237§ § § § § § § § § § § § § § § § § § § § § § § § § § § § § § § § § § § § § § § § § § § § § § § § §r104§ § § § § § § § § § § § § § § § § § § § § § § § § § § § § § § § § § § § § § § § § § § § § § § § § § § § § § § § § § § § § § § § § § § § § § § § § § § § § § § § § § 
238§ § § § § § § § § § § § § § § § § § § § § § § § § § § § § § § § § § § § § § § § § § § § § § § § §r105§ § § § § § § § § § § § § § § § § § § § § § § § § § § § § § § § § § § § § § § § § § § § § § § § § § § § § § § § § § § § § § § § § § § § § § § § § § § § § § § § § § 
